2309021	grp-a001-02-000000023587820	nad-a001-02-000000306413992	20	1			400	false	1	2024-06-13T04:33:12Z		87988475842	10443970793	접이식 아코디언 자바라의자 폴딩 롯데월드 줄서기 플라스틱 무지개 간이 코끼리의자	https://shopping-phinf.pstatic.net/main_8798847/87988475842.5.jpg	https://smartstore.naver.com/main/products/10443970793	https://m.smartstore.naver.com/main/products/10443970793	5900	3000	가구/인테리어	서재/사무용가구	의자	간이/접이식의자	50000004	50000105	50001239	50003294	가구/인테리어>서재/사무용가구>의자>간이/접이식의자	
2309021	grp-a001-02-000000046992496	nad-a001-02-000000341570545	20	0			120	false	1	2024-12-26T00:39:06Z		88514494741	10969988698	니뜰리히 극세사 밍크 담요 블랭킷 겨울 소파 와플 양털 이불 두꺼운 대형	https://shopping-phinf.pstatic.net/main_8851449/88514494741.jpg	https://smartstore.naver.com/main/products/10969988698	https://m.smartstore.naver.com/main/products/10969988698	24900	0	가구/인테리어	침구단품	담요		50000004	50000109	50000973		가구/인테리어>침구단품>담요	
2309021	grp-a001-02-000000046992496	nad-a001-02-000000341570552	20	0			120	false	1	2024-12-26T00:39:06Z		88310092413	10765586423	초 슬림 신발장 얇은 틈새 아파트 현관 서랍장 철제 원룸 광폭 대형 3단 655	https://shopping-phinf.pstatic.net/main_8831009/88310092413.1.jpg	https://smartstore.naver.com/main/products/10765586423	https://m.smartstore.naver.com/main/products/10765586423	78900	20000	가구/인테리어	수납가구	신발장		50000004	50000103	50001326		가구/인테리어>수납가구>신발장	
2309021	grp-a001-02-000000046992496	nad-a001-02-000000341570561	20	0			130	false	1	2024-12-26T00:39:06Z		87670499939	10125997009	책상 확장 연장 테이블 보조 데스크 추가 화이트 20x40	https://shopping-phinf.pstatic.net/main_8767049/87670499939.1.jpg	https://smartstore.naver.com/main/products/10125997009	https://m.smartstore.naver.com/main/products/10125997009	11900	0	가구/인테리어	서재/사무용가구	책상	책상소품	50000004	50000105	50001238	50003695	가구/인테리어>서재/사무용가구>책상>책상소품	
2309021	grp-a001-02-000000046992496	nad-a001-02-000000341570564	20	0			130	false	1	2024-12-26T00:39:06Z		87623432394	10078929741	등편한 허리 쿠션 차량 의자 등받이 메모리폼 받침 받침대 사무실	https://shopping-phinf.pstatic.net/main_8762343/87623432394.jpg	https://smartstore.naver.com/main/products/10078929741	https://m.smartstore.naver.com/main/products/10078929741	7900	3000	가구/인테리어	홈데코	쿠션/방석	등쿠션	50000004	50000154	50001139	50003648	가구/인테리어>홈데코>쿠션/방석>등쿠션	
2309021	grp-a001-02-000000046992496	nad-a001-02-000000341570567	20	0			120	false	1	2024-12-26T00:39:06Z		87548664724	10004162451	침대헤드쿠션 커버 벽쿠션 머리 리폼 프레임 벽가드 와플스판 120cm	https://shopping-phinf.pstatic.net/main_8754866/87548664724.1.jpg	https://smartstore.naver.com/main/products/10004162451	https://m.smartstore.naver.com/main/products/10004162451	5900	3000	가구/인테리어	홈데코	쿠션/방석	헤드쿠션	50000004	50000154	50001139	50003650	가구/인테리어>홈데코>쿠션/방석>헤드쿠션	
2309021	grp-a001-02-000000046992496	nad-a001-02-000000341570570	20	0			120	false	1	2024-12-26T00:39:06Z		87419495763	9874993490	니뜰리히 1인용 리클라이너 애니카 흔들의자 스윙체어	https://shopping-phinf.pstatic.net/main_8741949/87419495763.jpg	https://smartstore.naver.com/main/products/9874993490	https://m.smartstore.naver.com/main/products/9874993490	159000	0	가구/인테리어	서재/사무용가구	의자	흔들의자	50000004	50000105	50001239	50003292	가구/인테리어>서재/사무용가구>의자>흔들의자	
2309021	grp-a001-02-000000046992496	nad-a001-02-000000341570580	20	0			120	false	1	2024-12-26T00:39:07Z		86297929524	8753429201	여행용압축파우치 부피순삭 캐리어정리백 캐리어파우치	https://shopping-phinf.pstatic.net/main_8629792/86297929524.jpg	https://smartstore.naver.com/main/products/8753429201	https://m.smartstore.naver.com/main/products/8753429201	7900	3000	패션잡화	여행용가방/소품	여행소품케이스		50000001	50000178	50000658		패션잡화>여행용가방/소품>여행소품케이스	
2309021	grp-a001-02-000000046992496	nad-a001-02-000000341570584	20	0			70	false	1	2024-12-26T00:39:07Z		86184841652	8640341329	여행용 보스턴백 캐리어 보조 가방 트래블백 1박2일 소형 여행	https://shopping-phinf.pstatic.net/main_8618484/86184841652.1.jpg	https://smartstore.naver.com/main/products/8640341329	https://m.smartstore.naver.com/main/products/8640341329	4100	3000	패션잡화	여행용가방/소품	보스턴가방		50000001	50000178	50000653		패션잡화>여행용가방/소품>보스턴가방	
2309021	grp-a001-02-000000046992496	nad-a001-02-000000341570585	20	0			140	false	1	2024-12-26T00:39:07Z		86150903168	8606402845	기내용목베개 여행용 에어펌프 휴대용 비행기 H형 목베개	https://shopping-phinf.pstatic.net/main_8615090/86150903168.2.jpg	https://smartstore.naver.com/main/products/8606402845	https://m.smartstore.naver.com/main/products/8606402845	12900	3000	가구/인테리어	홈데코	쿠션/방석	목쿠션/아이필로우	50000004	50000154	50001139	50003651	가구/인테리어>홈데코>쿠션/방석>목쿠션/아이필로우	
2309021	grp-a001-02-000000046992496	nad-a001-02-000000341570586	20	0			130	false	1	2024-12-26T00:39:07Z		85928365989	8383865666	여행용 목베개 에어펌프 기내용 휴대용 비행기	https://shopping-phinf.pstatic.net/main_8592836/85928365989.jpg	https://smartstore.naver.com/main/products/8383865666	https://m.smartstore.naver.com/main/products/8383865666	9900	3000	가구/인테리어	홈데코	쿠션/방석	목쿠션/아이필로우	50000004	50000154	50001139	50003651	가구/인테리어>홈데코>쿠션/방석>목쿠션/아이필로우	
2309021	grp-a001-02-000000046992496	nad-a001-02-000000341570593	20	1			120	false	1	2024-12-26T00:39:07Z		82861462089	5316969578	니뜰리히 1인용 수동 리클라이너 소파	https://shopping-phinf.pstatic.net/main_8286146/82861462089.jpg	https://smartstore.naver.com/main/products/5316969578	https://m.smartstore.naver.com/main/products/5316969578	189000	25000	가구/인테리어	거실가구	소파	리클라이너소파	50000004	50000101	50001234	50003245	가구/인테리어>거실가구>소파>리클라이너소파	
2309021	grp-a001-02-000000046992504	nad-a001-02-000000341570655	20	0			70	false	1	2024-12-26T00:39:43Z		87670499939	10125997009	책상 확장 연장 테이블 보조 데스크 추가 화이트 20x40	https://shopping-phinf.pstatic.net/main_8767049/87670499939.1.jpg	https://smartstore.naver.com/main/products/10125997009	https://m.smartstore.naver.com/main/products/10125997009	11900	0	가구/인테리어	서재/사무용가구	책상	책상소품	50000004	50000105	50001238	50003695	가구/인테리어>서재/사무용가구>책상>책상소품	
2309021	grp-a001-02-000000046992504	nad-a001-02-000000341570658	20	0			70	false	1	2024-12-26T00:39:43Z		87623432394	10078929741	등편한 허리 쿠션 차량 의자 등받이 메모리폼 받침 받침대 사무실	https://shopping-phinf.pstatic.net/main_8762343/87623432394.jpg	https://smartstore.naver.com/main/products/10078929741	https://m.smartstore.naver.com/main/products/10078929741	7900	3000	가구/인테리어	홈데코	쿠션/방석	등쿠션	50000004	50000154	50001139	50003648	가구/인테리어>홈데코>쿠션/방석>등쿠션	
2309021	grp-a001-02-000000046992504	nad-a001-02-000000341570661	30	0			50	true	1	2024-12-26T00:39:43Z		87548664724	10004162451	침대헤드쿠션 커버 벽쿠션 머리 리폼 프레임 벽가드 와플스판 120cm	https://shopping-phinf.pstatic.net/main_8754866/87548664724.1.jpg	https://smartstore.naver.com/main/products/10004162451	https://m.smartstore.naver.com/main/products/10004162451	5900	3000	가구/인테리어	홈데코	쿠션/방석	헤드쿠션	50000004	50000154	50001139	50003650	가구/인테리어>홈데코>쿠션/방석>헤드쿠션	
2309021	grp-a001-02-000000046992504	nad-a001-02-000000341570679	20	0			70	false	1	2024-12-26T00:39:43Z		86790154162	9245653839	메모리폼방석 식탁 벤치 원형방석 의자 사무실 방석 낮은형	https://shopping-phinf.pstatic.net/main_8679015/86790154162.jpg	https://smartstore.naver.com/main/products/9245653839	https://m.smartstore.naver.com/main/products/9245653839	10900	3000	가구/인테리어	홈데코	쿠션/방석	일반방석	50000004	50000154	50001139	50003642	가구/인테리어>홈데코>쿠션/방석>일반방석	
2309021	grp-a001-02-000000046992504	nad-a001-02-000000341570697	20	0			70	false	1	2024-12-26T00:39:43Z		86297929524	8753429201	여행용압축파우치 부피순삭 캐리어정리백 캐리어파우치	https://shopping-phinf.pstatic.net/main_8629792/86297929524.jpg	https://smartstore.naver.com/main/products/8753429201	https://m.smartstore.naver.com/main/products/8753429201	7900	3000	패션잡화	여행용가방/소품	여행소품케이스		50000001	50000178	50000658		패션잡화>여행용가방/소품>여행소품케이스	
2309021	grp-a001-02-000000046992504	nad-a001-02-000000341570714	20	0			70	false	1	2024-12-26T00:39:43Z		85928365989	8383865666	여행용 목베개 에어펌프 기내용 휴대용 비행기	https://shopping-phinf.pstatic.net/main_8592836/85928365989.jpg	https://smartstore.naver.com/main/products/8383865666	https://m.smartstore.naver.com/main/products/8383865666	9900	3000	가구/인테리어	홈데코	쿠션/방석	목쿠션/아이필로우	50000004	50000154	50001139	50003651	가구/인테리어>홈데코>쿠션/방석>목쿠션/아이필로우	
2309021	grp-a001-02-000000046992504	nad-a001-02-000000341570734	20	0			50	true	1	2024-12-26T00:39:43Z		82861462089	5316969578	니뜰리히 1인용 수동 리클라이너 소파	https://shopping-phinf.pstatic.net/main_8286146/82861462089.jpg	https://smartstore.naver.com/main/products/5316969578	https://m.smartstore.naver.com/main/products/5316969578	189000	25000	가구/인테리어	거실가구	소파	리클라이너소파	50000004	50000101	50001234	50003245	가구/인테리어>거실가구>소파>리클라이너소파	
2309021	grp-a001-02-000000046992520	nad-a001-02-000000341571995	20	1			50	true	1	2024-12-26T00:41:27Z		88341656047	10797150057	울타리 부품	https://shopping-phinf.pstatic.net/main_8834165/88341656047.jpg	https://smartstore.naver.com/main/products/10797150057	https://m.smartstore.naver.com/main/products/10797150057	300	3000	생활/건강	반려동물	리빙용품	울타리	50000008	50000155	50006724	50008428	생활/건강>반려동물>리빙용품>울타리	
2309021	grp-a001-02-000000046992520	nad-a001-02-000000341571996	21	1			50	true	0	2024-12-26T00:41:27Z		88160326371	10615820722	강아지 캠핑 밥그릇 휴대용 여행용 물그릇 실리콘밥그릇 식기	https://shopping-phinf.pstatic.net/main_8816032/88160326371.jpg	https://smartstore.naver.com/main/products/10615820722	https://m.smartstore.naver.com/main/products/10615820722	7500	3000	생활/건강	반려동물	식기/급수기	식기/식탁	50000008	50000155	50006734	50006735	생활/건강>반려동물>식기/급수기>식기/식탁	
2309021	grp-a001-02-000000046992520	nad-a001-02-000000341572001	20	0			140	false	1	2024-12-26T00:41:27Z		87789536823	10245033190	강아지 신발 일체형 논슬립 미끄럼방지 애견신발 XS	https://shopping-phinf.pstatic.net/main_8778953/87789536823.2.jpg	https://smartstore.naver.com/main/products/10245033190	https://m.smartstore.naver.com/main/products/10245033190	16900	0	생활/건강	반려동물	패션용품	액세서리	50000008	50000155	50006728	50007161	생활/건강>반려동물>패션용품>액세서리	
2309021	grp-a001-02-000000046992520	nad-a001-02-000000341572002	20	0			110	false	1	2024-12-26T00:41:27Z		87682737944	10138234745	핸즈프리 리드줄 강아지 리드줄 자동 산책 3m 파미고펫 커스텀옐로우	https://shopping-phinf.pstatic.net/main_8768273/87682737944.2.jpg	https://smartstore.naver.com/main/products/10138234745	https://m.smartstore.naver.com/main/products/10138234745	19900	3000	생활/건강	반려동물	외출용품	리드줄	50000008	50000155	50015801	50015781	생활/건강>반려동물>외출용품>리드줄	
2309021	grp-a001-02-000000046992520	nad-a001-02-000000341572004	20	0			50	true	1	2024-12-26T00:41:27Z		87618687975	10074185322	만득이 라텍스 삑삑이 공 놀이 옐로우 강아지 장난감	https://shopping-phinf.pstatic.net/main_8761868/87618687975.jpg	https://smartstore.naver.com/main/products/10074185322	https://m.smartstore.naver.com/main/products/10074185322	1700	3000	생활/건강	반려동물	강아지 장난감/훈련	장난감/토이	50000008	50000155	50006673	50006675	생활/건강>반려동물>강아지 장난감/훈련>장난감/토이	
2309021	grp-a001-02-000000046992520	nad-a001-02-000000341572006	21	1			50	true	0	2024-12-26T00:41:27Z		86104934723	8560434400	강아지 캠핑 의자 S 애견 강아지 해먹 침대	https://shopping-phinf.pstatic.net/main_8610493/86104934723.jpg	https://smartstore.naver.com/main/products/8560434400	https://m.smartstore.naver.com/main/products/8560434400	22900	3000	생활/건강	반려동물	리빙용품	침대/해먹	50000008	50000155	50006724	50008468	생활/건강>반려동물>리빙용품>침대/해먹	
2309021	grp-a001-02-000000046992520	nad-a001-02-000000341572010	20	0			110	false	1	2024-12-26T00:41:27Z		87495434670	9950932397	강아지 물통 고양이 급수대 강아지 식수대 그레이	https://shopping-phinf.pstatic.net/main_8749543/87495434670.3.jpg	https://smartstore.naver.com/main/products/9950932397	https://m.smartstore.naver.com/main/products/9950932397	21900	0	생활/건강	반려동물	식기/급수기	급수기/물병	50000008	50000155	50006734	50006737	생활/건강>반려동물>식기/급수기>급수기/물병	
2309021	grp-a001-02-000000046992520	nad-a001-02-000000341572012	20	0			120	false	1	2024-12-26T00:41:27Z		87258021681	9713519411	강아지 매트 시공 미끄럼방지 패드 애견 매트리스 바닥 러그 반려견 카페트 고양이 30x30	https://shopping-phinf.pstatic.net/main_8725802/87258021681.5.jpg	https://smartstore.naver.com/main/products/9713519411	https://m.smartstore.naver.com/main/products/9713519411	990	3000	생활/건강	반려동물	리빙용품	매트	50000008	50000155	50006724	50006727	생활/건강>반려동물>리빙용품>매트	
2309021	grp-a001-02-000000046992520	nad-a001-02-000000341572014	20	0			120	false	1	2024-12-26T00:41:27Z		86931114055	9386613732	강아지 옷 강아지 패딩 긴팔 S 겨울옷 중형견 더 도그 페이스	https://shopping-phinf.pstatic.net/main_8693111/86931114055.2.jpg	https://smartstore.naver.com/main/products/9386613732	https://m.smartstore.naver.com/main/products/9386613732	14900	0	생활/건강	반려동물	패션용품	패딩	50000008	50000155	50006728	50006729	생활/건강>반려동물>패션용품>패딩	
2309021	grp-a001-02-000000046992520	nad-a001-02-000000341572018	20	0			50	true	1	2024-12-26T00:41:27Z		86620343001	9075842678	대형 고양이 화장실 사막화방지 고양이 배변통 데빌 후드형	https://shopping-phinf.pstatic.net/main_8662034/86620343001.6.jpg	https://smartstore.naver.com/main/products/9075842678	https://m.smartstore.naver.com/main/products/9075842678	29900	3000	생활/건강	반려동물	고양이 배변용품	후드형화장실	50000008	50000155	50006694	50006697	생활/건강>반려동물>고양이 배변용품>후드형화장실	
2309021	grp-a001-02-000000046992520	nad-a001-02-000000341572019	20	1			50	true	1	2024-12-26T00:41:27Z		86438242691	8893742368	강아지 밥그릇 물그릇 도시락1p 대형견 고양이 수반	https://shopping-phinf.pstatic.net/main_8643824/86438242691.5.jpg	https://smartstore.naver.com/main/products/8893742368	https://m.smartstore.naver.com/main/products/8893742368	7900	3000	생활/건강	반려동물	식기/급수기	식기/식탁	50000008	50000155	50006734	50006735	생활/건강>반려동물>식기/급수기>식기/식탁	
2309021	grp-a001-02-000000046992520	nad-a001-02-000000341572020	20	1			50	true	1	2024-12-26T00:41:27Z		86434125823	8889625500	고양이 터널 캣 숨숨 터널 하우스 짧은일자형	https://shopping-phinf.pstatic.net/main_8643412/86434125823.2.jpg	https://smartstore.naver.com/main/products/8889625500	https://m.smartstore.naver.com/main/products/8889625500	24900	3000	생활/건강	반려동물	고양이 장난감	터널/주머니	50000008	50000155	50006718	50006721	생활/건강>반려동물>고양이 장난감>터널/주머니	
2309021	grp-a001-02-000000046992520	nad-a001-02-000000341572022	20	0			130	false	1	2024-12-26T00:41:27Z		86329221752	8784721430	강아지 간식볼 노즈워크 공 볼 국산 파미고펫 댕댕이롤러 장난감	https://shopping-phinf.pstatic.net/main_8632922/86329221752.2.jpg	https://smartstore.naver.com/main/products/8784721430	https://m.smartstore.naver.com/main/products/8784721430	12900	3000	생활/건강	반려동물	강아지 장난감/훈련	노즈워크	50000008	50000155	50006673	50006674	생활/건강>반려동물>강아지 장난감/훈련>노즈워크	
2309021	grp-a001-02-000000046992520	nad-a001-02-000000341572025	20	1			110	false	1	2024-12-26T00:41:27Z		86289892003	8745391680	노는 개 최고양 원터치 암막 자동 캔디 3단 접이식 예쁜 접는 우산	https://shopping-phinf.pstatic.net/main_8628989/86289892003.jpg	https://smartstore.naver.com/main/products/8745391680	https://m.smartstore.naver.com/main/products/8745391680	5200	3000	패션잡화	패션소품	우산	자동우산	50000001	50000185	50001482	50004018	패션잡화>패션소품>우산>자동우산	
2309021	grp-a001-02-000000046992520	nad-a001-02-000000341572027	20	1			50	true	1	2024-12-26T00:41:27Z		86249184796	8704684473	강아지 장난감 강아지 삑삑이 인형 봉제 초코도넛	https://shopping-phinf.pstatic.net/main_8624918/86249184796.5.jpg	https://smartstore.naver.com/main/products/8704684473	https://m.smartstore.naver.com/main/products/8704684473	990	3000	생활/건강	반려동물	강아지 장난감/훈련	장난감/토이	50000008	50000155	50006673	50006675	생활/건강>반려동물>강아지 장난감/훈련>장난감/토이	
2309021	grp-a001-02-000000046992520	nad-a001-02-000000341572028	20	0			50	true	1	2024-12-26T00:41:27Z		86248457044	8703956721	소형견하네스 강아지 h형하네스 중형견 앞섬방지 S	https://shopping-phinf.pstatic.net/main_8624845/86248457044.1.jpg	https://smartstore.naver.com/main/products/8703956721	https://m.smartstore.naver.com/main/products/8703956721	8900	3000	생활/건강	반려동물	외출용품	가슴줄	50000008	50000155	50015801	50015920	생활/건강>반려동물>외출용품>가슴줄	
2309021	grp-a001-02-000000046992520	nad-a001-02-000000341572031	20	1			50	true	1	2024-12-26T00:41:27Z		86080942730	8536442407	강아지빗 고양이빗 애견브러쉬 슬리커 사랑빗 일자형-블루	https://shopping-phinf.pstatic.net/main_8608094/86080942730.2.jpg	https://smartstore.naver.com/main/products/8536442407	https://m.smartstore.naver.com/main/products/8536442407	7900	3000	생활/건강	반려동물	미용/목욕	브러시/빗	50000008	50000155	50006662	50006665	생활/건강>반려동물>미용/목욕>브러시/빗	
2309021	grp-a001-02-000000046992520	nad-a001-02-000000341572033	20	1			140	false	1	2024-12-26T00:41:27Z		86079875520	8535375197	강아지노즈워크 장난감 당근밭 담요 매트 어려운 버섯 농장	https://shopping-phinf.pstatic.net/main_8607987/86079875520.4.jpg	https://smartstore.naver.com/main/products/8535375197	https://m.smartstore.naver.com/main/products/8535375197	18900	0	생활/건강	반려동물	강아지 장난감/훈련	노즈워크	50000008	50000155	50006673	50006674	생활/건강>반려동물>강아지 장난감/훈련>노즈워크	
2309021	grp-a001-02-000000046992520	nad-a001-02-000000341572034	20	1			140	false	1	2024-12-26T00:41:27Z		86079851853	8535351530	강아지 벨 버튼 간식 그린 반려견 애견 장난감	https://shopping-phinf.pstatic.net/main_8607985/86079851853.4.jpg	https://smartstore.naver.com/main/products/8535351530	https://m.smartstore.naver.com/main/products/8535351530	5900	3000	생활/건강	반려동물	강아지 장난감/훈련	훈련용품	50000008	50000155	50006673	50006677	생활/건강>반려동물>강아지 장난감/훈련>훈련용품	
2309021	grp-a001-02-000000046992520	nad-a001-02-000000341572036	20	1			50	true	1	2024-12-26T00:41:27Z		85977199963	8432699640	우산 암막 3단 자동 자외선차단 대만우산	https://shopping-phinf.pstatic.net/main_8597719/85977199963.1.jpg	https://smartstore.naver.com/main/products/8432699640	https://m.smartstore.naver.com/main/products/8432699640	4900	3000	패션잡화	패션소품	우산	자동우산	50000001	50000185	50001482	50004018	패션잡화>패션소품>우산>자동우산	
2309021	grp-a001-02-000000046992520	nad-a001-02-000000341572038	20	0			120	false	1	2024-12-26T00:41:28Z		85824354842	8279854519	강아지장난감 터그놀이 삑삑이 이갈이장난감 악어	https://shopping-phinf.pstatic.net/main_8582435/85824354842.4.jpg	https://smartstore.naver.com/main/products/8279854519	https://m.smartstore.naver.com/main/products/8279854519	4900	3000	생활/건강	반려동물	강아지 장난감/훈련	장난감/토이	50000008	50000155	50006673	50006675	생활/건강>반려동물>강아지 장난감/훈련>장난감/토이	
2309021	grp-a001-02-000000046992520	nad-a001-02-000000341572039	20	1			140	false	1	2024-12-26T00:41:28Z		85836098756	8291598433	강아지 울타리 강아지 펜스 견사 대형견 소형	https://shopping-phinf.pstatic.net/main_8583609/85836098756.5.jpg	https://smartstore.naver.com/main/products/8291598433	https://m.smartstore.naver.com/main/products/8291598433	39000	5000	생활/건강	반려동물	리빙용품	울타리	50000008	50000155	50006724	50008428	생활/건강>반려동물>리빙용품>울타리	
2309021	grp-a001-02-000000046992520	nad-a001-02-000000341572042	20	1			50	true	1	2024-12-26T00:41:28Z		85019301151	7474800829	노는 개 최고양 뽀글이하우스 더블	https://shopping-phinf.pstatic.net/main_8501930/85019301151.jpg	https://smartstore.naver.com/main/products/7474800829	https://m.smartstore.naver.com/main/products/7474800829	19900	3000	생활/건강	반려동물	리빙용품	하우스	50000008	50000155	50006724	50006726	생활/건강>반려동물>리빙용품>하우스	
2309021	grp-a001-02-000000046992520	nad-a001-02-000000341572043	20	1			50	true	1	2024-12-26T00:41:28Z		85335174136	7790673814	강아지 크리스마스옷 중형견 대형견 고양이 강아지산타옷 루돌프 코스튬 S	https://shopping-phinf.pstatic.net/main_8533517/85335174136.jpg	https://smartstore.naver.com/main/products/7790673814	https://m.smartstore.naver.com/main/products/7790673814	7800	3000	생활/건강	반려동물	패션용품	코스튬	50000008	50000155	50006728	50007158	생활/건강>반려동물>패션용품>코스튬	
2309021	grp-a001-02-000000046992520	nad-a001-02-000000341572044	20	1			110	false	1	2024-12-26T00:41:28Z		85258494749	7713994427	아이코닉디자인 아이코닉 레터링 포토북 포카 바인더 네컷 앨범 아이코닉 그린 50p	https://shopping-phinf.pstatic.net/main_8525849/85258494749.jpg	https://smartstore.naver.com/main/products/7713994427	https://m.smartstore.naver.com/main/products/7713994427	8750	3000	생활/건강	문구/사무용품	앨범	접착식앨범	50000008	50000158	50001042	50003581	생활/건강>문구/사무용품>앨범>접착식앨범	
2309021	grp-a001-02-000000046992520	nad-a001-02-000000341572045	20	1			110	false	1	2024-12-26T00:41:28Z		85224143700	7679643378	강아지 옷 강아지 패딩 5부 S 겨울옷 중형견 더 도그 페이스	https://shopping-phinf.pstatic.net/main_8522414/85224143700.3.jpg	https://smartstore.naver.com/main/products/7679643378	https://m.smartstore.naver.com/main/products/7679643378	14900	3000	생활/건강	반려동물	패션용품	패딩	50000008	50000155	50006728	50006729	생활/건강>반려동물>패션용품>패딩	
2309021	grp-a001-02-000000046992520	nad-a001-02-000000341572046	20	1			50	true	1	2024-12-26T00:41:28Z		85129082519	7584582197	강아지 옷 패딩 중형견 애견 뽀글이 조끼 S	https://shopping-phinf.pstatic.net/main_8512908/85129082519.jpg	https://smartstore.naver.com/main/products/7584582197	https://m.smartstore.naver.com/main/products/7584582197	6500	3000	생활/건강	반려동물	패션용품	패딩	50000008	50000155	50006728	50006729	생활/건강>반려동물>패션용품>패딩	
2309021	grp-a001-02-000000046992520	nad-a001-02-000000341572047	21	1			50	true	0	2024-12-26T00:41:28Z		85114968734	7570468412	강아지 유모차 개모차 애견 고양이 접이식 반려견 유모차	https://shopping-phinf.pstatic.net/main_8511496/85114968734.6.jpg	https://smartstore.naver.com/main/products/7570468412	https://m.smartstore.naver.com/main/products/7570468412	52900	5000	생활/건강	반려동물	외출용품	유모차	50000008	50000155	50015801	50015880	생활/건강>반려동물>외출용품>유모차	
2309021	grp-a001-02-000000046992520	nad-a001-02-000000341572052	20	0			50	true	1	2024-12-26T00:41:28Z		84502154996	6957654674	강아지노즈워크 당근밭 농장 당근뽑기 장난감 12구	https://shopping-phinf.pstatic.net/main_8450215/84502154996.12.jpg	https://smartstore.naver.com/main/products/6957654674	https://m.smartstore.naver.com/main/products/6957654674	9400	3000	생활/건강	반려동물	강아지 장난감/훈련	노즈워크	50000008	50000155	50006673	50006674	생활/건강>반려동물>강아지 장난감/훈련>노즈워크	
2309021	grp-a001-02-000000046992520	nad-a001-02-000000341572053	20	1			110	false	1	2024-12-26T00:41:28Z		84460441371	6915941049	강아지 장난감 삑삑이 라텍스 공 놀이 오렌지 만득이	https://shopping-phinf.pstatic.net/main_8446044/84460441371.12.jpg	https://smartstore.naver.com/main/products/6915941049	https://m.smartstore.naver.com/main/products/6915941049	1890	3000	생활/건강	반려동물	강아지 장난감/훈련	장난감/토이	50000008	50000155	50006673	50006675	생활/건강>반려동물>강아지 장난감/훈련>장난감/토이	
2309021	grp-a001-02-000000046992520	nad-a001-02-000000341572056	20	1			50	true	1	2024-12-26T00:41:28Z		84378945678	6834445357	피단 사막화 방지 후드형 이글루 고양이 화장실 대형 배변통	https://shopping-phinf.pstatic.net/main_8437894/84378945678.2.jpg	https://smartstore.naver.com/main/products/6834445357	https://m.smartstore.naver.com/main/products/6834445357	85900	0	생활/건강	반려동물	고양이 배변용품	후드형화장실	50000008	50000155	50006694	50006697	생활/건강>반려동물>고양이 배변용품>후드형화장실	
2309021	grp-a001-02-000000046992520	nad-a001-02-000000341572058	20	1			50	true	1	2024-12-26T00:41:28Z		84224221741	6679721419	고양이 터널 숨숨 터널 하우스 일자형	https://shopping-phinf.pstatic.net/main_8422422/84224221741.4.jpg	https://smartstore.naver.com/main/products/6679721419	https://m.smartstore.naver.com/main/products/6679721419	5900	3000	생활/건강	반려동물	고양이 장난감	터널/주머니	50000008	50000155	50006718	50006721	생활/건강>반려동물>고양이 장난감>터널/주머니	
2309021	grp-a001-02-000000046992520	nad-a001-02-000000341572059	20	1			50	true	0	2024-12-26T00:41:28Z		84179667718	6635167396	강아지 장난감 노즈워크볼 그린	https://shopping-phinf.pstatic.net/main_8417966/84179667718.jpg	https://smartstore.naver.com/main/products/6635167396	https://m.smartstore.naver.com/main/products/6635167396	4500	3000	생활/건강	반려동물	강아지 장난감/훈련	노즈워크	50000008	50000155	50006673	50006674	생활/건강>반려동물>강아지 장난감/훈련>노즈워크	
2309021	grp-a001-02-000000046992520	nad-a001-02-000000341572060	20	1			50	true	1	2024-12-26T00:41:28Z		84019650763	6475150430	강아지 우비 용품 꿀벌 레인코트	https://shopping-phinf.pstatic.net/main_8401965/84019650763.jpg	https://smartstore.naver.com/main/products/6475150430	https://m.smartstore.naver.com/main/products/6475150430	7900	3000	생활/건강	반려동물	패션용품	레인코트	50000008	50000155	50006728	50007157	생활/건강>반려동물>패션용품>레인코트	
2309021	grp-a001-02-000000046992520	nad-a001-02-000000341572061	20	0			50	true	1	2024-12-26T00:41:28Z		83749625327	6205125750	강아지 우비 방수 마우스 곰돌이 레인코트 S	https://shopping-phinf.pstatic.net/main_8374962/83749625327.3.jpg	https://smartstore.naver.com/main/products/6205125750	https://m.smartstore.naver.com/main/products/6205125750	9900	0	생활/건강	반려동물	패션용품	레인코트	50000008	50000155	50006728	50007157	생활/건강>반려동물>패션용품>레인코트	
2309021	grp-a001-02-000000046992520	nad-a001-02-000000341572064	20	1			50	true	1	2024-12-26T00:41:28Z		83635873917	6091374429	커프스 라운드넥 강아지 후리스	https://shopping-phinf.pstatic.net/main_8363587/83635873917.1.jpg	https://smartstore.naver.com/main/products/6091374429	https://m.smartstore.naver.com/main/products/6091374429	14500	3000	생활/건강	반려동물	패션용품	플리스/점퍼	50000008	50000155	50006728	50007150	생활/건강>반려동물>패션용품>플리스/점퍼	
2309021	grp-a001-02-000000046992520	nad-a001-02-000000341572066	20	1			50	true	1	2024-12-26T00:41:28Z		83580648269	6036148781	춘식이몰 PE21C01 강아지 겨울옷 니트 조끼 뜨기 꼼데 후리스 반려견 맨투맨 스웨터	https://shopping-phinf.pstatic.net/main_8358064/83580648269.jpg	https://smartstore.naver.com/main/products/6036148781	https://m.smartstore.naver.com/main/products/6036148781	13000	3000	생활/건강	반려동물	패션용품	티셔츠	50000008	50000155	50006728	50006731	생활/건강>반려동물>패션용품>티셔츠	
2309021	grp-a001-02-000000046992520	nad-a001-02-000000341572067	20	1			50	true	1	2024-12-26T00:41:28Z		83563338472	6018838984	치펫 강아지 깔깔이 애견 패딩 조끼	https://shopping-phinf.pstatic.net/main_8356333/83563338472.jpg	https://smartstore.naver.com/main/products/6018838984	https://m.smartstore.naver.com/main/products/6018838984	9990	3000	생활/건강	반려동물	패션용품	패딩	50000008	50000155	50006728	50006729	생활/건강>반려동물>패션용품>패딩	
2309021	grp-a001-02-000000046992520	nad-a001-02-000000341572068	20	1			130	false	1	2024-12-26T00:41:28Z		83554376500	6009877012	강아지 옷 봄옷 꽈배기니트 중형견 애견 가디건 S	https://shopping-phinf.pstatic.net/main_8355437/83554376500.2.jpg	https://smartstore.naver.com/main/products/6009877012	https://m.smartstore.naver.com/main/products/6009877012	7500	3000	생활/건강	반려동물	패션용품	티셔츠	50000008	50000155	50006728	50006731	생활/건강>반려동물>패션용품>티셔츠	
2309021	grp-a001-02-000000046992520	nad-a001-02-000000341572069	20	1			50	true	1	2024-12-26T00:41:28Z		83547738696	6003239208	강아지 패딩 겨울옷 용품 후리스 조끼 깔깔이 명품 뽀글이 누빔조끼 S	https://shopping-phinf.pstatic.net/main_8354773/83547738696.jpg	https://smartstore.naver.com/main/products/6003239208	https://m.smartstore.naver.com/main/products/6003239208	8560	0	생활/건강	반려동물	패션용품	패딩	50000008	50000155	50006728	50006729	생활/건강>반려동물>패션용품>패딩	
2309021	grp-a001-02-000000046992520	nad-a001-02-000000341572070	20	1			50	true	1	2024-12-26T00:41:28Z		83522466216	5977966728	노는 개 최고양 PE21P01 강아지 겨울옷 명품 뽀글이 누빔조끼 용품 후리스 조끼 깔깔이	https://shopping-phinf.pstatic.net/main_8352246/83522466216.jpg	https://smartstore.naver.com/main/products/5977966728	https://m.smartstore.naver.com/main/products/5977966728	6500	3000	생활/건강	반려동물	패션용품	티셔츠	50000008	50000155	50006728	50006731	생활/건강>반려동물>패션용품>티셔츠	
2309021	grp-a001-02-000000046992520	nad-a001-02-000000341572071	20	1			50	true	1	2024-12-26T00:41:28Z		83522437187	5977937699	노는 개 최고양 PE21E03 강아지 패딩 겨울옷 용품 후리스 조끼 깔깔이 명품 뽀글이 누빔조끼	https://shopping-phinf.pstatic.net/main_8352243/83522437187.jpg	https://smartstore.naver.com/main/products/5977937699	https://m.smartstore.naver.com/main/products/5977937699	19990	3000	생활/건강	반려동물	패션용품	티셔츠	50000008	50000155	50006728	50006731	생활/건강>반려동물>패션용품>티셔츠	
2309021	grp-a001-02-000000046992539	nad-a001-02-000000341572666	20	0			50	true	1	2024-12-26T00:42:51Z		88482064211	10937558176	강아지 울타리 강아지 펜스 견사 대형견 특대형	https://shopping-phinf.pstatic.net/main_8848206/88482064211.jpg	https://smartstore.naver.com/main/products/10937558176	https://m.smartstore.naver.com/main/products/10937558176	129000	5000	생활/건강	반려동물	리빙용품	울타리	50000008	50000155	50006724	50008428	생활/건강>반려동물>리빙용품>울타리	
2309021	grp-a001-02-000000046992539	nad-a001-02-000000341572675	20	0			50	true	1	2024-12-26T00:42:51Z		87789536823	10245033190	강아지 신발 일체형 논슬립 미끄럼방지 애견신발 XS	https://shopping-phinf.pstatic.net/main_8778953/87789536823.2.jpg	https://smartstore.naver.com/main/products/10245033190	https://m.smartstore.naver.com/main/products/10245033190	16900	0	생활/건강	반려동물	패션용품	액세서리	50000008	50000155	50006728	50007161	생활/건강>반려동물>패션용품>액세서리	
2309021	grp-a001-02-000000046992539	nad-a001-02-000000341572678	20	0			50	true	1	2024-12-26T00:42:51Z		87618687975	10074185322	만득이 라텍스 삑삑이 공 놀이 옐로우 강아지 장난감	https://shopping-phinf.pstatic.net/main_8761868/87618687975.jpg	https://smartstore.naver.com/main/products/10074185322	https://m.smartstore.naver.com/main/products/10074185322	1700	3000	생활/건강	반려동물	강아지 장난감/훈련	장난감/토이	50000008	50000155	50006673	50006675	생활/건강>반려동물>강아지 장난감/훈련>장난감/토이	
2309021	grp-a001-02-000000046992539	nad-a001-02-000000341572686	20	0			50	true	1	2024-12-26T00:42:52Z		87258021681	9713519411	강아지 매트 시공 미끄럼방지 패드 애견 매트리스 바닥 러그 반려견 카페트 고양이 30x30	https://shopping-phinf.pstatic.net/main_8725802/87258021681.5.jpg	https://smartstore.naver.com/main/products/9713519411	https://m.smartstore.naver.com/main/products/9713519411	990	3000	생활/건강	반려동물	리빙용품	매트	50000008	50000155	50006724	50006727	생활/건강>반려동물>리빙용품>매트	
2309021	grp-a001-02-000000046992539	nad-a001-02-000000341572692	20	0			50	true	1	2024-12-26T00:42:52Z		86620343001	9075842678	대형 고양이 화장실 사막화방지 고양이 배변통 데빌 후드형	https://shopping-phinf.pstatic.net/main_8662034/86620343001.6.jpg	https://smartstore.naver.com/main/products/9075842678	https://m.smartstore.naver.com/main/products/9075842678	29900	3000	생활/건강	반려동물	고양이 배변용품	후드형화장실	50000008	50000155	50006694	50006697	생활/건강>반려동물>고양이 배변용품>후드형화장실	
2309021	grp-a001-02-000000046992539	nad-a001-02-000000341572693	20	0			50	true	1	2024-12-26T00:42:52Z		86438242691	8893742368	강아지 밥그릇 물그릇 도시락1p 대형견 고양이 수반	https://shopping-phinf.pstatic.net/main_8643824/86438242691.5.jpg	https://smartstore.naver.com/main/products/8893742368	https://m.smartstore.naver.com/main/products/8893742368	7900	3000	생활/건강	반려동물	식기/급수기	식기/식탁	50000008	50000155	50006734	50006735	생활/건강>반려동물>식기/급수기>식기/식탁	
2309021	grp-a001-02-000000046992539	nad-a001-02-000000341572701	20	0			50	true	1	2024-12-26T00:42:52Z		86249184796	8704684473	강아지 장난감 강아지 삑삑이 인형 봉제 초코도넛	https://shopping-phinf.pstatic.net/main_8624918/86249184796.5.jpg	https://smartstore.naver.com/main/products/8704684473	https://m.smartstore.naver.com/main/products/8704684473	990	3000	생활/건강	반려동물	강아지 장난감/훈련	장난감/토이	50000008	50000155	50006673	50006675	생활/건강>반려동물>강아지 장난감/훈련>장난감/토이	
2309021	grp-a001-02-000000046992539	nad-a001-02-000000341572702	20	0			50	true	1	2024-12-26T00:42:52Z		86248457044	8703956721	소형견하네스 강아지 h형하네스 중형견 앞섬방지 S	https://shopping-phinf.pstatic.net/main_8624845/86248457044.1.jpg	https://smartstore.naver.com/main/products/8703956721	https://m.smartstore.naver.com/main/products/8703956721	8900	3000	생활/건강	반려동물	외출용품	가슴줄	50000008	50000155	50015801	50015920	생활/건강>반려동물>외출용품>가슴줄	
2309021	grp-a001-02-000000046992539	nad-a001-02-000000341572707	20	0			50	true	1	2024-12-26T00:42:52Z		86079875520	8535375197	강아지노즈워크 장난감 당근밭 담요 매트 어려운 버섯 농장	https://shopping-phinf.pstatic.net/main_8607987/86079875520.4.jpg	https://smartstore.naver.com/main/products/8535375197	https://m.smartstore.naver.com/main/products/8535375197	18900	0	생활/건강	반려동물	강아지 장난감/훈련	노즈워크	50000008	50000155	50006673	50006674	생활/건강>반려동물>강아지 장난감/훈련>노즈워크	
2309021	grp-a001-02-000000046992539	nad-a001-02-000000341572713	20	1			70	false	1	2024-12-26T00:42:52Z		85836098756	8291598433	강아지 울타리 강아지 펜스 견사 대형견 소형	https://shopping-phinf.pstatic.net/main_8583609/85836098756.5.jpg	https://smartstore.naver.com/main/products/8291598433	https://m.smartstore.naver.com/main/products/8291598433	39000	5000	생활/건강	반려동물	리빙용품	울타리	50000008	50000155	50006724	50008428	생활/건강>반려동물>리빙용품>울타리	
2309021	grp-a001-02-000000046992539	nad-a001-02-000000341572716	20	1			70	false	1	2024-12-26T00:42:52Z		84603557086	7059056764	강아지 방석 애견 고양이 대형견 바나나 쿠션 S	https://shopping-phinf.pstatic.net/main_8460355/84603557086.4.jpg	https://smartstore.naver.com/main/products/7059056764	https://m.smartstore.naver.com/main/products/7059056764	10900	0	생활/건강	반려동물	리빙용품	쿠션/방석	50000008	50000155	50006724	50006725	생활/건강>반려동물>리빙용품>쿠션/방석	
2309021	grp-a001-02-000000046992539	nad-a001-02-000000341572727	20	0			70	false	1	2024-12-26T00:42:52Z		84502154996	6957654674	강아지노즈워크 당근밭 농장 당근뽑기 장난감 12구	https://shopping-phinf.pstatic.net/main_8450215/84502154996.12.jpg	https://smartstore.naver.com/main/products/6957654674	https://m.smartstore.naver.com/main/products/6957654674	9400	3000	생활/건강	반려동물	강아지 장난감/훈련	노즈워크	50000008	50000155	50006673	50006674	생활/건강>반려동물>강아지 장난감/훈련>노즈워크	
2309021	grp-a001-02-000000046992539	nad-a001-02-000000341572728	20	0			70	false	1	2024-12-26T00:42:52Z		84460441371	6915941049	강아지 장난감 삑삑이 라텍스 공 놀이 오렌지 만득이	https://shopping-phinf.pstatic.net/main_8446044/84460441371.12.jpg	https://smartstore.naver.com/main/products/6915941049	https://m.smartstore.naver.com/main/products/6915941049	1890	3000	생활/건강	반려동물	강아지 장난감/훈련	장난감/토이	50000008	50000155	50006673	50006675	생활/건강>반려동물>강아지 장난감/훈련>장난감/토이	
2309021	grp-a001-02-000000046992539	nad-a001-02-000000341572734	20	0			50	true	0	2024-12-26T00:42:53Z		84179667718	6635167396	강아지 장난감 노즈워크볼 그린	https://shopping-phinf.pstatic.net/main_8417966/84179667718.jpg	https://smartstore.naver.com/main/products/6635167396	https://m.smartstore.naver.com/main/products/6635167396	4500	3000	생활/건강	반려동물	강아지 장난감/훈련	노즈워크	50000008	50000155	50006673	50006674	생활/건강>반려동물>강아지 장난감/훈련>노즈워크	
2309021	grp-a001-02-000000046992539	nad-a001-02-000000341572736	20	0			50	true	1	2024-12-26T00:42:53Z		83749625327	6205125750	강아지 우비 방수 마우스 곰돌이 레인코트 S	https://shopping-phinf.pstatic.net/main_8374962/83749625327.3.jpg	https://smartstore.naver.com/main/products/6205125750	https://m.smartstore.naver.com/main/products/6205125750	9900	0	생활/건강	반려동물	패션용품	레인코트	50000008	50000155	50006728	50007157	생활/건강>반려동물>패션용품>레인코트	
2309021	grp-a001-02-000000046992539	nad-a001-02-000000341572741	20	0			50	true	1	2024-12-26T00:42:53Z		83580648269	6036148781	춘식이몰 PE21C01 강아지 겨울옷 니트 조끼 뜨기 꼼데 후리스 반려견 맨투맨 스웨터	https://shopping-phinf.pstatic.net/main_8358064/83580648269.jpg	https://smartstore.naver.com/main/products/6036148781	https://m.smartstore.naver.com/main/products/6036148781	13000	3000	생활/건강	반려동물	패션용품	티셔츠	50000008	50000155	50006728	50006731	생활/건강>반려동물>패션용품>티셔츠	
2309021	grp-a001-02-000000047006767	nad-a001-02-000000341683530	20	0			50	true	0	2024-12-26T05:36:35Z		88704632856	11160122534	수비다 헤드 랜턴 캡라이트 등산 해루질 밤 낚시 안전모 등산용 작업용 센서 LED 충전식	https://shopping-phinf.pstatic.net/main_8870463/88704632856.jpg	https://smartstore.naver.com/main/products/11160122534	https://m.smartstore.naver.com/main/products/11160122534	21900	3000	스포츠/레저	캠핑	랜턴	헤드랜턴	50000007	50000028	50001100	50002658	스포츠/레저>캠핑>랜턴>헤드랜턴	
2309021	grp-a001-02-000000047006767	nad-a001-02-000000341683536	20	0			50	true	1	2024-12-26T05:36:35Z		88414066255	10869560242	바베큐그릴 캠핑 숯불 불멍 고기 바베큐 그릴 화로대	https://shopping-phinf.pstatic.net/main_8841406/88414066255.1.jpg	https://smartstore.naver.com/main/products/10869560242	https://m.smartstore.naver.com/main/products/10869560242	89000	3000	스포츠/레저	캠핑	취사용품	바비큐그릴/화로대	50000007	50000028	50001101	50002663	스포츠/레저>캠핑>취사용품>바비큐그릴/화로대	
2309021	grp-a001-02-000000047006767	nad-a001-02-000000341683541	20	1			50	true	1	2024-12-26T05:36:35Z		87988475842	10443970793	접이식 아코디언 자바라의자 폴딩 롯데월드 줄서기 플라스틱 무지개 간이 코끼리의자	https://shopping-phinf.pstatic.net/main_8798847/87988475842.5.jpg	https://smartstore.naver.com/main/products/10443970793	https://m.smartstore.naver.com/main/products/10443970793	5900	3000	가구/인테리어	서재/사무용가구	의자	간이/접이식의자	50000004	50000105	50001239	50003294	가구/인테리어>서재/사무용가구>의자>간이/접이식의자	
2309021	grp-a001-02-000000047006767	nad-a001-02-000000341683542	20	0			70	false	1	2024-12-26T05:36:35Z		87677532609	10133029430	접이식 간이 폴딩 미니 의자 체어 발판 접는 플라스틱 18cm 소형	https://shopping-phinf.pstatic.net/main_8767753/87677532609.4.jpg	https://smartstore.naver.com/main/products/10133029430	https://m.smartstore.naver.com/main/products/10133029430	4500	3000	가구/인테리어	서재/사무용가구	의자	간이/접이식의자	50000004	50000105	50001239	50003294	가구/인테리어>서재/사무용가구>의자>간이/접이식의자	
2309021	grp-a001-02-000000047006767	nad-a001-02-000000341683557	21	0			50	true	0	2024-12-26T05:36:36Z		86328899880	8784399557	헤드랜턴 XHP70 LED 해루질 낚시 등산랜턴	https://shopping-phinf.pstatic.net/main_8632889/86328899880.1.jpg	https://smartstore.naver.com/main/products/8784399557	https://m.smartstore.naver.com/main/products/8784399557	11000	3000	스포츠/레저	캠핑	랜턴	헤드랜턴	50000007	50000028	50001100	50002658	스포츠/레저>캠핑>랜턴>헤드랜턴	
2309021	grp-a001-02-000000047006860	nad-a001-02-000000341686403	20	0			130	false	0	2024-12-26T05:40:06Z		88642009998	11097499676	무타공걸쇠 도어 버클 현관 문 잠금 장치 미닫이 빗장 90도 야광	https://shopping-phinf.pstatic.net/main_8864200/88642009998.jpg	https://smartstore.naver.com/main/products/11097499676	https://m.smartstore.naver.com/main/products/11097499676	9900	0	생활/건강	생활용품	보안용품	도어락/안전고리	50000008	50000078	50000916	50002710	생활/건강>생활용품>보안용품>도어락/안전고리	
2309021	grp-a001-02-000000047006860	nad-a001-02-000000341686411	20	0			50	true	1	2024-12-26T05:40:06Z		88583892015	11039385808	304 올스텐 길이조절 식기건조대 1단 기둥식 싱크대선반	https://shopping-phinf.pstatic.net/main_8858389/88583892015.jpg	https://smartstore.naver.com/main/products/11039385808	https://m.smartstore.naver.com/main/products/11039385808	65900	5000	생활/건강	주방용품	주방수납용품	식기건조대	50000008	50000061	50000889	50004769	생활/건강>주방용품>주방수납용품>식기건조대	
2309021	grp-a001-02-000000047006860	nad-a001-02-000000341686422	20	0			130	false	1	2024-12-26T05:40:06Z		88547133170	11002627074	싱크대 하부장 레일선반 길이조절 슬라이딩 선반 씽크대 정리대 확장형 1단	https://shopping-phinf.pstatic.net/main_8854713/88547133170.jpg	https://smartstore.naver.com/main/products/11002627074	https://m.smartstore.naver.com/main/products/11002627074	18900	3000	생활/건강	주방용품	주방수납용품	싱크선반	50000008	50000061	50000889	50004770	생활/건강>주방용품>주방수납용품>싱크선반	
2309021	grp-a001-02-000000047006860	nad-a001-02-000000341686427	21	0			50	true	0	2024-12-26T05:40:06Z		88531143533	10986637480	무타공샤워기거치대 홀더 헤드걸이 흡착식 욕실 샤워	https://shopping-phinf.pstatic.net/main_8853114/88531143533.jpg	https://smartstore.naver.com/main/products/10986637480	https://m.smartstore.naver.com/main/products/10986637480	5900	3000	생활/건강	욕실용품	샤워기/수전용품	욕실부속품	50000008	50000157	50000899	50002307	생활/건강>욕실용품>샤워기/수전용품>욕실부속품	
2309021	grp-a001-02-000000047006860	nad-a001-02-000000341686433	21	0			50	true	0	2024-12-26T05:40:06Z		88378680397	10834174384	무타공 주방 싱크대 접시 그릇 정리대 슬라이딩 레일 선반 수납함	https://shopping-phinf.pstatic.net/main_8837868/88378680397.jpg	https://smartstore.naver.com/main/products/10834174384	https://m.smartstore.naver.com/main/products/10834174384	15900	3000	생활/건강	주방용품	주방수납용품	싱크선반	50000008	50000061	50000889	50004770	생활/건강>주방용품>주방수납용품>싱크선반	
2309021	grp-a001-02-000000047006860	nad-a001-02-000000341686441	20	0			130	false	1	2024-12-26T05:40:06Z		88320784548	10776278558	세탁기 자석 선반 틈새 수납 붙이는 냉장고 선반 2단	https://shopping-phinf.pstatic.net/main_8832078/88320784548.1.jpg	https://smartstore.naver.com/main/products/10776278558	https://m.smartstore.naver.com/main/products/10776278558	20440	0	생활/건강	수납/정리용품	선반/진열대	벽걸이선반/진열대	50000008	50000076	50000904	50002464	생활/건강>수납/정리용품>선반/진열대>벽걸이선반/진열대	
2309021	grp-a001-02-000000047006860	nad-a001-02-000000341686445	20	0			80	false	1	2024-12-26T05:40:06Z		88281765931	10737260009	접이식 빨래 세탁 바구니 이지런드리버킷 런드리백 그레이	https://shopping-phinf.pstatic.net/main_8828176/88281765931.5.jpg	https://smartstore.naver.com/main/products/10737260009	https://m.smartstore.naver.com/main/products/10737260009	6200	3000	생활/건강	세탁용품	빨래바구니		50000008	50000062	50002036		생활/건강>세탁용품>빨래바구니	
2309021	grp-a001-02-000000047006860	nad-a001-02-000000341686462	20	0			130	false	1	2024-12-26T05:40:06Z		88111984995	10567479470	자석 접이식 미니 마그네틱 빨래 건조대 수건 걸이 세탁기 건조기 건조대 빨랫대 무타공	https://shopping-phinf.pstatic.net/main_8811198/88111984995.1.jpg	https://smartstore.naver.com/main/products/10567479470	https://m.smartstore.naver.com/main/products/10567479470	8900	5000	생활/건강	세탁용품	빨래건조대	이동접이식	50000008	50000062	50000901	50002310	생활/건강>세탁용품>빨래건조대>이동접이식	
2309021	grp-a001-02-000000047006860	nad-a001-02-000000341686468	21	0			50	true	0	2024-12-26T05:40:06Z		88072753485	10528248125	여행용 샤워 필터 베트남 워터 샤워기 중공사막 석회수 염소제거 휴대용	https://shopping-phinf.pstatic.net/main_8807275/88072753485.jpg	https://smartstore.naver.com/main/products/10528248125	https://m.smartstore.naver.com/main/products/10528248125	4800	3000	생활/건강	욕실용품	샤워기/수전용품	녹물제거/샤워기필터	50000008	50000157	50000899	50002305	생활/건강>욕실용품>샤워기/수전용품>녹물제거/샤워기필터	
2309021	grp-a001-02-000000047006860	nad-a001-02-000000341686476	21	0			50	true	0	2024-12-26T05:40:06Z		88021365213	10476859927	하부장 슬라이딩 수납함 정리 싱크대 레일 선반 상부 양념정리대 A	https://shopping-phinf.pstatic.net/main_8802136/88021365213.jpg	https://smartstore.naver.com/main/products/10476859927	https://m.smartstore.naver.com/main/products/10476859927	5500	3000	생활/건강	주방용품	주방수납용품	싱크선반	50000008	50000061	50000889	50004770	생활/건강>주방용품>주방수납용품>싱크선반	
2309021	grp-a001-02-000000047006860	nad-a001-02-000000341686483	20	0			50	true	1	2024-12-26T05:40:06Z		87942536391	10398031498	방충망 보수 자석 창문 벨크로 붙이는 셀프교체 쫄대 틀 접이식 50x70	https://shopping-phinf.pstatic.net/main_8794253/87942536391.2.jpg	https://smartstore.naver.com/main/products/10398031498	https://m.smartstore.naver.com/main/products/10398031498	12900	0	생활/건강	생활용품	생활잡화	모기장	50000008	50000078	50000915	50002697	생활/건강>생활용품>생활잡화>모기장	
2309021	grp-a001-02-000000047006860	nad-a001-02-000000341686485	20	0			130	false	1	2024-12-26T05:40:06Z		87934412023	10389907164	건조대 무타공 와이어 빨래줄 걸이 빨래걸이 원룸 공간활용 베란다 스마트 실내 건조 빨랫줄	https://shopping-phinf.pstatic.net/main_8793441/87934412023.jpg	https://smartstore.naver.com/main/products/10389907164	https://m.smartstore.naver.com/main/products/10389907164	12900	3000	생활/건강	세탁용품	빨랫줄		50000008	50000062	50002038		생활/건강>세탁용품>빨랫줄	
2309021	grp-a001-02-000000047006860	nad-a001-02-000000341686493	20	0			50	true	1	2024-12-26T05:40:06Z		87609344316	10064841692	무타공 욕실수납선반 화장실 세면대선반 욕실선반A	https://shopping-phinf.pstatic.net/main_8760934/87609344316.jpg	https://smartstore.naver.com/main/products/10064841692	https://m.smartstore.naver.com/main/products/10064841692	8500	3000	생활/건강	욕실용품	욕실장/선반	욕실선반	50000008	50000157	50008628	50008648	생활/건강>욕실용품>욕실장/선반>욕실선반	
2309021	grp-a001-02-000000047006860	nad-a001-02-000000341686526	20	0			130	false	0	2024-12-26T05:40:07Z		86898649815	9354149492	이염방지시트 흰옷 세탁티슈 24개입 이염제거제	https://shopping-phinf.pstatic.net/main_8689864/86898649815.1.jpg	https://smartstore.naver.com/main/products/9354149492	https://m.smartstore.naver.com/main/products/9354149492	2500	3000	생활/건강	생활용품	세제/세정제	세탁보조제	50000008	50000078	50000911	50002673	생활/건강>생활용품>세제/세정제>세탁보조제	
2309021	grp-a001-02-000000047006860	nad-a001-02-000000341686530	20	0			70	false	1	2024-12-26T05:40:07Z		86749048029	9204547706	이불 빨래망 세탁망 대형	https://shopping-phinf.pstatic.net/main_8674904/86749048029.1.jpg	https://smartstore.naver.com/main/products/9204547706	https://m.smartstore.naver.com/main/products/9204547706	2400	0	생활/건강	세탁용품	세탁망		50000008	50000062	50002041		생활/건강>세탁용품>세탁망	
2309021	grp-a001-02-000000047017080	nad-a001-02-000000341865667	20	0			300	false	1	2024-12-26T10:13:01Z		87988475842	10443970793	접이식 아코디언 자바라의자 폴딩 롯데월드 줄서기 플라스틱 무지개 간이 코끼리의자	https://shopping-phinf.pstatic.net/main_8798847/87988475842.5.jpg	https://smartstore.naver.com/main/products/10443970793	https://m.smartstore.naver.com/main/products/10443970793	5900	3000	가구/인테리어	서재/사무용가구	의자	간이/접이식의자	50000004	50000105	50001239	50003294	가구/인테리어>서재/사무용가구>의자>간이/접이식의자	
2309021	grp-a001-02-000000047017154	nad-a001-02-000000341866064	20	0			450	false	1	2024-12-26T10:18:27Z		88281765931	10737260009	접이식 빨래 세탁 바구니 이지런드리버킷 런드리백 그레이	https://shopping-phinf.pstatic.net/main_8828176/88281765931.5.jpg	https://smartstore.naver.com/main/products/10737260009	https://m.smartstore.naver.com/main/products/10737260009	6200	3000	생활/건강	세탁용품	빨래바구니		50000008	50000062	50002036		생활/건강>세탁용품>빨래바구니	
2309021	grp-a001-02-000000047017155	nad-a001-02-000000341866296	20	0			400	false	1	2024-12-26T10:18:58Z		88111984995	10567479470	자석 접이식 미니 마그네틱 빨래 건조대 수건 걸이 세탁기 건조기 건조대 빨랫대 무타공	https://shopping-phinf.pstatic.net/main_8811198/88111984995.1.jpg	https://smartstore.naver.com/main/products/10567479470	https://m.smartstore.naver.com/main/products/10567479470	8900	5000	생활/건강	세탁용품	빨래건조대	이동접이식	50000008	50000062	50000901	50002310	생활/건강>세탁용품>빨래건조대>이동접이식	
2309021	grp-a001-02-000000047017156	nad-a001-02-000000341866341	20	0			500	false	1	2024-12-26T10:19:41Z		88320784548	10776278558	세탁기 자석 선반 틈새 수납 붙이는 냉장고 선반 2단	https://shopping-phinf.pstatic.net/main_8832078/88320784548.1.jpg	https://smartstore.naver.com/main/products/10776278558	https://m.smartstore.naver.com/main/products/10776278558	20440	0	생활/건강	수납/정리용품	선반/진열대	벽걸이선반/진열대	50000008	50000076	50000904	50002464	생활/건강>수납/정리용품>선반/진열대>벽걸이선반/진열대	
2309021	grp-a001-02-000000047075078	nad-a001-02-000000342509908	20	0	원형 접이식 스툴 폴딩체어 발판 접이의자		300	false	1	2024-12-30T05:49:43Z		87988475842	10443970793	접이식 아코디언 자바라의자 폴딩 롯데월드 줄서기 플라스틱 무지개 간이 코끼리의자	https://shopping-phinf.pstatic.net/main_8798847/87988475842.5.jpg	https://smartstore.naver.com/main/products/10443970793	https://m.smartstore.naver.com/main/products/10443970793	5900	3000	가구/인테리어	서재/사무용가구	의자	간이/접이식의자	50000004	50000105	50001239	50003294	가구/인테리어>서재/사무용가구>의자>간이/접이식의자	
2309021	grp-a001-02-000000047075080	nad-a001-02-000000342509913	20	0	접의자 보조 식탁 간이의자 간의 체어		300	false	1	2024-12-30T05:49:43Z		87988475842	10443970793	접이식 아코디언 자바라의자 폴딩 롯데월드 줄서기 플라스틱 무지개 간이 코끼리의자	https://shopping-phinf.pstatic.net/main_8798847/87988475842.5.jpg	https://smartstore.naver.com/main/products/10443970793	https://m.smartstore.naver.com/main/products/10443970793	5900	3000	가구/인테리어	서재/사무용가구	의자	간이/접이식의자	50000004	50000105	50001239	50003294	가구/인테리어>서재/사무용가구>의자>간이/접이식의자	
2309021	grp-a001-02-000000047168812	nad-a001-02-000000344280472	20	0	세탁기 건조기 런드리버킷 원형 빨래 옮기기		400	false	1	2025-01-06T06:34:06Z		88281765931	10737260009	접이식 빨래 세탁 바구니 이지런드리버킷 런드리백 그레이	https://shopping-phinf.pstatic.net/main_8828176/88281765931.5.jpg	https://smartstore.naver.com/main/products/10737260009	https://m.smartstore.naver.com/main/products/10737260009	6200	3000	생활/건강	세탁용품	빨래바구니		50000008	50000062	50002036		생활/건강>세탁용품>빨래바구니	
2309021	grp-a001-02-000000047168850	nad-a001-02-000000344280649	20	0	런드리 이동 바스켓 수거 버킷 캐리어 빨래옮김		300	false	1	2025-01-06T06:35:38Z		88281765931	10737260009	접이식 빨래 세탁 바구니 이지런드리버킷 런드리백 그레이	https://shopping-phinf.pstatic.net/main_8828176/88281765931.5.jpg	https://smartstore.naver.com/main/products/10737260009	https://m.smartstore.naver.com/main/products/10737260009	6200	3000	생활/건강	세탁용품	빨래바구니		50000008	50000062	50002036		생활/건강>세탁용품>빨래바구니	
2309021	grp-a001-02-000000047172700	nad-a001-02-000000344386822	20	0	튼튼한 원룸 자취 소형 문걸이 실내 벽걸이		300	false	1	2025-01-06T08:42:52Z		88111984995	10567479470	자석 접이식 미니 마그네틱 빨래 건조대 수건 걸이 세탁기 건조기 건조대 빨랫대 무타공	https://shopping-phinf.pstatic.net/main_8811198/88111984995.1.jpg	https://smartstore.naver.com/main/products/10567479470	https://m.smartstore.naver.com/main/products/10567479470	8900	5000	생활/건강	세탁용품	빨래건조대	이동접이식	50000008	50000062	50000901	50002310	생활/건강>세탁용품>빨래건조대>이동접이식	
2309021	grp-a001-02-000000047184220	nad-a001-02-000000344565788	20	0	좁은 세탁실 자석선반 공중부양 슬라이딩		400	false	1	2025-01-07T02:58:45Z		88320784548	10776278558	세탁기 자석 선반 틈새 수납 붙이는 냉장고 선반 2단	https://shopping-phinf.pstatic.net/main_8832078/88320784548.1.jpg	https://smartstore.naver.com/main/products/10776278558	https://m.smartstore.naver.com/main/products/10776278558	20440	0	생활/건강	수납/정리용품	선반/진열대	벽걸이선반/진열대	50000008	50000076	50000904	50002464	생활/건강>수납/정리용품>선반/진열대>벽걸이선반/진열대	
2309021	grp-a001-02-000000047184221	nad-a001-02-000000344565789	20	0	붙이는 마그네틱 현관문 자석선반 정리대		300	false	1	2025-01-07T02:58:45Z		88320784548	10776278558	세탁기 자석 선반 틈새 수납 붙이는 냉장고 선반 2단	https://shopping-phinf.pstatic.net/main_8832078/88320784548.1.jpg	https://smartstore.naver.com/main/products/10776278558	https://m.smartstore.naver.com/main/products/10776278558	20440	0	생활/건강	수납/정리용품	선반/진열대	벽걸이선반/진열대	50000008	50000076	50000904	50002464	생활/건강>수납/정리용품>선반/진열대>벽걸이선반/진열대	
2309021	grp-a001-02-000000047217075	nad-a001-02-000000345093981	20	0			50	true	1	2025-01-08T10:48:48Z		87258021681	9713519411	강아지 매트 시공 미끄럼방지 패드 애견 매트리스 바닥 러그 반려견 카페트 고양이 30x30	https://shopping-phinf.pstatic.net/main_8725802/87258021681.5.jpg	https://smartstore.naver.com/main/products/9713519411	https://m.smartstore.naver.com/main/products/9713519411	990	3000	생활/건강	반려동물	리빙용품	매트	50000008	50000155	50006724	50006727	생활/건강>반려동물>리빙용품>매트	
2309021	grp-a001-02-000000047217367	nad-a001-02-000000345103125	20	0			50	true	1	2025-01-08T11:18:11Z		84502154996	6957654674	강아지노즈워크 당근밭 농장 당근뽑기 장난감 12구	https://shopping-phinf.pstatic.net/main_8450215/84502154996.12.jpg	https://smartstore.naver.com/main/products/6957654674	https://m.smartstore.naver.com/main/products/6957654674	9400	3000	생활/건강	반려동물	강아지 장난감/훈련	노즈워크	50000008	50000155	50006673	50006674	생활/건강>반려동물>강아지 장난감/훈련>노즈워크	
2309021	grp-a001-02-000000047224261	nad-a001-02-000000345244012	20	0	강아지 거실 바닥 펫매트 슬개골 방지 쿠션러그		50	true	1	2025-01-09T02:30:15Z		87258021681	9713519411	강아지 매트 시공 미끄럼방지 패드 애견 매트리스 바닥 러그 반려견 카페트 고양이 30x30	https://shopping-phinf.pstatic.net/main_8725802/87258021681.5.jpg	https://smartstore.naver.com/main/products/9713519411	https://m.smartstore.naver.com/main/products/9713519411	990	3000	생활/건강	반려동물	리빙용품	매트	50000008	50000155	50006724	50006727	생활/건강>반려동물>리빙용품>매트	
2309021	grp-a001-02-000000047224263	nad-a001-02-000000345244038	20	0	강아지 복도 논슬립 퍼즐매트 고양이 층간소음		50	true	1	2025-01-09T02:30:20Z		87258021681	9713519411	강아지 매트 시공 미끄럼방지 패드 애견 매트리스 바닥 러그 반려견 카페트 고양이 30x30	https://shopping-phinf.pstatic.net/main_8725802/87258021681.5.jpg	https://smartstore.naver.com/main/products/9713519411	https://m.smartstore.naver.com/main/products/9713519411	990	3000	생활/건강	반려동물	리빙용품	매트	50000008	50000155	50006724	50006727	생활/건강>반려동물>리빙용품>매트	
2309021	grp-a001-02-000000047243507	nad-a001-02-000000345480846	20	0	강아지 고양이 분리불안 어려운 노즈워크 매트		50	true	1	2025-01-09T09:54:09Z		84502154996	6957654674	강아지노즈워크 당근밭 농장 당근뽑기 장난감 12구	https://shopping-phinf.pstatic.net/main_8450215/84502154996.12.jpg	https://smartstore.naver.com/main/products/6957654674	https://m.smartstore.naver.com/main/products/6957654674	9400	3000	생활/건강	반려동물	강아지 장난감/훈련	노즈워크	50000008	50000155	50006673	50006674	생활/건강>반려동물>강아지 장난감/훈련>노즈워크	
2309021	grp-a001-02-000000047243508	nad-a001-02-000000345480877	20	0	강아지 간식 반려견 노즈워크 놀이 방석 장난감		50	true	1	2025-01-09T09:54:11Z		84502154996	6957654674	강아지노즈워크 당근밭 농장 당근뽑기 장난감 12구	https://shopping-phinf.pstatic.net/main_8450215/84502154996.12.jpg	https://smartstore.naver.com/main/products/6957654674	https://m.smartstore.naver.com/main/products/6957654674	9400	3000	생활/건강	반려동물	강아지 장난감/훈련	노즈워크	50000008	50000155	50006673	50006674	생활/건강>반려동물>강아지 장난감/훈련>노즈워크	
2309021	grp-a001-02-000000047936897	nad-a001-02-000000355561980	20	0	1인용 접이식 소파베드 미니 침대형 쇼파겸침대		50	true	1	2025-02-17T08:22:21Z		87749845766	10205342305	니뜰리히 아나 소파베드 침대 1인용 접이식 미니 침대형 쇼파겸침대 이케아 80cm	https://shopping-phinf.pstatic.net/main_8774984/87749845766.jpg	https://smartstore.naver.com/main/products/10205342305	https://m.smartstore.naver.com/main/products/10205342305	260000	0	가구/인테리어	거실가구	소파	소파베드	50000004	50000101	50001234	50003247	가구/인테리어>거실가구>소파>소파베드	
2309021	grp-a001-02-000000047949779	nad-a001-02-000000355762321	30	0			50	true	1	2025-02-18T02:43:15Z	2025-02-26T06:05:06Z	87749845766	10205342305	니뜰리히 아나 소파베드 침대 1인용 접이식 미니 침대형 쇼파겸침대 이케아 80cm	https://shopping-phinf.pstatic.net/main_8774984/87749845766.jpg	https://smartstore.naver.com/main/products/10205342305	https://m.smartstore.naver.com/main/products/10205342305	260000	0	가구/인테리어	거실가구	소파	소파베드	50000004	50000101	50001234	50003247	가구/인테리어>거실가구>소파>소파베드	
2309021	grp-a001-02-000000047950029	nad-a001-02-000000355764140	20	0			350	true	1	2025-02-18T02:51:43Z		84603557086	7059056764	강아지 방석 애견 고양이 대형견 바나나 쿠션 S	https://shopping-phinf.pstatic.net/main_8460355/84603557086.4.jpg	https://smartstore.naver.com/main/products/7059056764	https://m.smartstore.naver.com/main/products/7059056764	10900	0	생활/건강	반려동물	리빙용품	쿠션/방석	50000008	50000155	50006724	50006725	생활/건강>반려동물>리빙용품>쿠션/방석	
2309021	grp-a001-02-000000047954126	nad-a001-02-000000355819003	20	0	꿀잠 강아지마약방석 고양이 빈백 베개 쿠션침대		400	false	1	2025-02-18T05:41:09Z	2025-02-26T05:55:33Z	84603557086	7059056764	강아지 방석 애견 고양이 대형견 바나나 쿠션 S	https://shopping-phinf.pstatic.net/main_8460355/84603557086.4.jpg	https://smartstore.naver.com/main/products/7059056764	https://m.smartstore.naver.com/main/products/7059056764	10900	0	생활/건강	반려동물	리빙용품	쿠션/방석	50000008	50000155	50006724	50006725	생활/건강>반려동물>리빙용품>쿠션/방석	
2309021	grp-a001-02-000000047954226	nad-a001-02-000000355820466	10	0	강아지 애견 쿠션 다이소 코스트코 개방석		250	false	1	2025-02-18T05:43:52Z	2025-02-19T07:58:49Z	84603557086	7059056764	강아지 방석 애견 고양이 대형견 바나나 쿠션 S	https://shopping-phinf.pstatic.net/main_8460355/84603557086.4.jpg	https://smartstore.naver.com/main/products/7059056764	https://m.smartstore.naver.com/main/products/7059056764	10900	0	생활/건강	반려동물	리빙용품	쿠션/방석	50000008	50000155	50006724	50006725	생활/건강>반려동물>리빙용품>쿠션/방석	
2309021	grp-a001-02-000000047954351	nad-a001-02-000000355820794	20	0	강아지토퍼 반려견 침대 개쿠션 펫방석 쇼파		150	false	1	2025-02-18T05:45:34Z	2025-02-26T05:55:33Z	84603557086	7059056764	강아지 방석 애견 고양이 대형견 바나나 쿠션 S	https://shopping-phinf.pstatic.net/main_8460355/84603557086.4.jpg	https://smartstore.naver.com/main/products/7059056764	https://m.smartstore.naver.com/main/products/7059056764	10900	0	생활/건강	반려동물	리빙용품	쿠션/방석	50000008	50000155	50006724	50006725	생활/건강>반려동물>리빙용품>쿠션/방석	
2309021	grp-a001-02-000000047954363	nad-a001-02-000000355820823	20	0	강아지 애완견 애견 대형 쿠션 방석 필로우		150	false	1	2025-02-18T05:45:48Z	2025-02-26T05:55:33Z	84603557086	7059056764	강아지 방석 애견 고양이 대형견 바나나 쿠션 S	https://shopping-phinf.pstatic.net/main_8460355/84603557086.4.jpg	https://smartstore.naver.com/main/products/7059056764	https://m.smartstore.naver.com/main/products/7059056764	10900	0	생활/건강	반려동물	리빙용품	쿠션/방석	50000008	50000155	50006724	50006725	생활/건강>반려동물>리빙용품>쿠션/방석	
2309021	grp-a001-02-000000047903017	nad-a001-02-000000355936956	20	0			500	false	1	2025-02-18T08:12:23Z		88588507747	11044001536	[단독] 압축 이불 팩 의류 이불보관 캠핑 패딩 정리 파우치 XL	https://shopping-phinf.pstatic.net/main_8858850/88588507747.jpg	https://smartstore.naver.com/main/products/11044001536	https://m.smartstore.naver.com/main/products/11044001536	18900	0	생활/건강	수납/정리용품	압축팩		50000008	50000076	50001838		생활/건강>수납/정리용품>압축팩	
